movieId,title
1,Toy Story (1995)
2,Jumanji (1995)
3,Grumpier Old Men (1995)
5,Father of the Bride Part II (1995)
6,Heat (1995)
7,Sabrina (1995)
9,Sudden Death (1995)
10,GoldenEye (1995)
11,"American President, The (1995)"
12,Dracula: Dead and Loving It (1995)
14,Nixon (1995)
15,Cutthroat Island (1995)
16,Casino (1995)
17,Sense and Sensibility (1995)
18,Four Rooms (1995)
19,Ace Ventura: When Nature Calls (1995)
20,Money Train (1995)
21,Get Shorty (1995)
22,Copycat (1995)
23,Assassins (1995)
24,Powder (1995)
25,Leaving Las Vegas (1995)
26,Othello (1995)
28,Persuasion (1995)
29,"City of Lost Children, The (Cité des enfants perdus, La) (1995)"
31,Dangerous Minds (1995)
32,Twelve Monkeys (a.k.a. 12 Monkeys) (1995)
34,Babe (1995)
36,Dead Man Walking (1995)
39,Clueless (1995)
41,Richard III (1995)
44,Mortal Kombat (1995)
45,To Die For (1995)
46,How to Make an American Quilt (1995)
47,Seven (a.k.a. Se7en) (1995)
48,Pocahontas (1995)
50,"Usual Suspects, The (1995)"
52,Mighty Aphrodite (1995)
58,"Postman, The (Postino, Il) (1994)"
60,"Indian in the Cupboard, The (1995)"
62,Mr. Holland's Opus (1995)
65,Bio-Dome (1996)
69,Friday (1995)
70,From Dusk Till Dawn (1996)
73,"Misérables, Les (1995)"
76,Screamers (1995)
79,"Juror, The (1996)"
81,Things to Do in Denver When You're Dead (1995)
86,White Squall (1996)
88,Black Sheep (1996)
95,Broken Arrow (1996)
100,City Hall (1996)
101,Bottle Rocket (1996)
104,Happy Gilmore (1996)
105,"Bridges of Madison County, The (1995)"
107,Muppet Treasure Island (1996)
110,Braveheart (1995)
111,Taxi Driver (1976)
112,Rumble in the Bronx (Hont faan kui) (1995)
122,Boomerang (1992)
125,Flirting With Disaster (1996)
135,Down Periscope (1996)
140,Up Close and Personal (1996)
141,"Birdcage, The (1996)"
144,"Brothers McMullen, The (1995)"
145,Bad Boys (1995)
147,"Basketball Diaries, The (1995)"
150,Apollo 13 (1995)
151,Rob Roy (1995)
153,Batman Forever (1995)
154,Beauty of the Day (Belle de jour) (1967)
157,Canadian Bacon (1995)
158,Casper (1995)
159,Clockers (1995)
160,Congo (1995)
161,Crimson Tide (1995)
162,Crumb (1994)
163,Desperado (1995)
164,Devil in a Blue Dress (1995)
165,Die Hard: With a Vengeance (1995)
168,First Knight (1995)
170,Hackers (1995)
172,Johnny Mnemonic (1995)
173,Judge Dredd (1995)
175,Kids (1995)
176,Living in Oblivion (1995)
180,Mallrats (1995)
181,Mighty Morphin Power Rangers: The Movie (1995)
185,"Net, The (1995)"
186,Nine Months (1995)
188,"Prophecy, The (1995)"
193,Showgirls (1995)
194,Smoke (1995)
196,Species (1995)
198,Strange Days (1995)
203,"To Wong Foo, Thanks for Everything! Julie Newmar (1995)"
204,Under Siege 2: Dark Territory (1995)
207,"Walk in the Clouds, A (1995)"
208,Waterworld (1995)
215,Before Sunrise (1995)
216,Billy Madison (1995)
218,Boys on the Side (1995)
222,Circle of Friends (1995)
223,Clerks (1994)
224,Don Juan DeMarco (1995)
225,Disclosure (1994)
227,Drop Zone (1994)
230,Dolores Claiborne (1995)
231,Dumb & Dumber (Dumb and Dumber) (1994)
232,Eat Drink Man Woman (Yin shi nan nu) (1994)
233,Exotica (1994)
234,Exit to Eden (1994)
235,Ed Wood (1994)
236,French Kiss (1995)
237,Forget Paris (1995)
239,"Goofy Movie, A (1995)"
246,Hoop Dreams (1994)
247,Heavenly Creatures (1994)
248,Houseguest (1994)
249,Immortal Beloved (1994)
252,I.Q. (1994)
253,Interview with the Vampire: The Vampire Chronicles (1994)
256,Junior (1994)
257,Just Cause (1995)
260,Star Wars: Episode IV - A New Hope (1977)
261,Little Women (1994)
262,"Little Princess, A (1995)"
265,Like Water for Chocolate (Como agua para chocolate) (1992)
266,Legends of the Fall (1994)
267,Major Payne (1995)
272,"Madness of King George, The (1994)"
273,Mary Shelley's Frankenstein (Frankenstein) (1994)
276,Milk Money (1994)
277,Miracle on 34th Street (1994)
280,Murder in the First (1995)
281,Nobody's Fool (1994)
282,Nell (1994)
288,Natural Born Killers (1994)
290,Once Were Warriors (1994)
292,Outbreak (1995)
293,Léon: The Professional (a.k.a. The Professional) (Léon) (1994)
296,Pulp Fiction (1994)
300,Quiz Show (1994)
303,"Quick and the Dead, The (1995)"
306,Three Colors: Red (Trois couleurs: Rouge) (1994)
307,Three Colors: Blue (Trois couleurs: Bleu) (1993)
308,Three Colors: White (Trzy kolory: Bialy) (1994)
314,"Secret of Roan Inish, The (1994)"
315,"Specialist, The (1994)"
316,Stargate (1994)
317,"Santa Clause, The (1994)"
318,"Shawshank Redemption, The (1994)"
319,Shallow Grave (1994)
327,Tank Girl (1995)
329,Star Trek: Generations (1994)
332,Village of the Damned (1995)
333,Tommy Boy (1995)
337,What's Eating Gilbert Grape (1993)
338,Virtuosity (1995)
339,While You Were Sleeping (1995)
342,Muriel's Wedding (1994)
344,Ace Ventura: Pet Detective (1994)
345,"Adventures of Priscilla, Queen of the Desert, The (1994)"
348,Bullets Over Broadway (1994)
349,Clear and Present Danger (1994)
350,"Client, The (1994)"
351,"Corrina, Corrina (1994)"
353,"Crow, The (1994)"
355,"Flintstones, The (1994)"
356,Forrest Gump (1994)
357,Four Weddings and a Funeral (1994)
361,It Could Happen to You (1994)
362,"Jungle Book, The (1994)"
364,"Lion King, The (1994)"
366,"Wes Craven's New Nightmare (Nightmare on Elm Street Part 7: Freddy's Finale, A) (1994)"
367,"Mask, The (1994)"
368,Maverick (1994)
370,Naked Gun 33 1/3: The Final Insult (1994)
371,"Paper, The (1994)"
372,Reality Bites (1994)
373,Red Rock West (1992)
374,Richie Rich (1994)
376,"River Wild, The (1994)"
377,Speed (1994)
379,Timecop (1994)
380,True Lies (1994)
381,When a Man Loves a Woman (1994)
382,Wolf (1994)
383,Wyatt Earp (1994)
405,Highlander III: The Sorcerer (a.k.a. Highlander: The Final Dimension) (1994)
410,Addams Family Values (1993)
412,"Age of Innocence, The (1993)"
413,Airheads (1994)
415,Another Stakeout (1993)
417,Barcelona (1994)
419,"Beverly Hillbillies, The (1993)"
420,Beverly Hills Cop III (1994)
421,Black Beauty (1994)
427,Boxing Helena (1993)
428,"Bronx Tale, A (1993)"
431,Carlito's Way (1993)
432,City Slickers II: The Legend of Curly's Gold (1994)
434,Cliffhanger (1993)
435,Coneheads (1993)
440,Dave (1993)
441,Dazed and Confused (1993)
442,Demolition Man (1993)
445,Fatal Instinct (1993)
454,"Firm, The (1993)"
455,Free Willy (1993)
457,"Fugitive, The (1993)"
466,Hot Shots! Part Deux (1993)
468,"Englishman Who Went Up a Hill But Came Down a Mountain, The (1995)"
471,"Hudsucker Proxy, The (1994)"
474,In the Line of Fire (1993)
475,In the Name of the Father (1993)
477,What's Love Got to Do with It? (1993)
480,Jurassic Park (1993)
481,Kalifornia (1993)
485,Last Action Hero (1993)
489,Made in America (1993)
490,Malice (1993)
491,"Man Without a Face, The (1993)"
492,Manhattan Murder Mystery (1993)
493,Menace II Society (1993)
494,Executive Decision (1996)
497,Much Ado About Nothing (1993)
500,Mrs. Doubtfire (1993)
502,"Next Karate Kid, The (1994)"
507,"Perfect World, A (1993)"
508,Philadelphia (1993)
509,"Piano, The (1993)"
514,"Ref, The (1994)"
515,"Remains of the Day, The (1993)"
516,Renaissance Man (1994)
519,RoboCop 3 (1993)
520,Robin Hood: Men in Tights (1993)
524,Rudy (1993)
527,Schindler's List (1993)
529,Searching for Bobby Fischer (1993)
531,"Secret Garden, The (1993)"
532,Serial Mom (1994)
533,"Shadow, The (1994)"
534,Shadowlands (1993)
535,Short Cuts (1993)
537,Sirens (1994)
538,Six Degrees of Separation (1993)
539,Sleepless in Seattle (1993)
540,Sliver (1993)
541,Blade Runner (1982)
542,Son in Law (1993)
543,So I Married an Axe Murderer (1993)
546,Super Mario Bros. (1993)
551,"Nightmare Before Christmas, The (1993)"
552,"Three Musketeers, The (1993)"
553,Tombstone (1993)
555,True Romance (1993)
562,Welcome to the Dollhouse (1995)
575,"Little Rascals, The (1994)"
585,"Brady Bunch Movie, The (1995)"
586,Home Alone (1990)
587,Ghost (1990)
588,Aladdin (1992)
589,Terminator 2: Judgment Day (1991)
590,Dances with Wolves (1990)
592,Batman (1989)
593,"Silence of the Lambs, The (1991)"
594,Snow White and the Seven Dwarfs (1937)
595,Beauty and the Beast (1991)
596,Pinocchio (1940)
597,Pretty Woman (1990)
599,"Wild Bunch, The (1969)"
608,Fargo (1996)
609,Homeward Bound II: Lost in San Francisco (1996)
610,Heavy Metal (1981)
616,"Aristocats, The (1970)"
628,Primal Fear (1996)
631,All Dogs Go to Heaven 2 (1996)
637,Sgt. Bilko (1996)
640,Diabolique (1996)
647,Courage Under Fire (1996)
648,Mission: Impossible (1996)
653,Dragonheart (1996)
661,James and the Giant Peach (1996)
663,Kids in the Hall: Brain Candy (1996)
671,Mystery Science Theater 3000: The Movie (1996)
673,Space Jam (1996)
694,"Substitute, The (1996)"
707,Mulholland Falls (1996)
708,"Truth About Cats & Dogs, The (1996)"
709,Oliver & Company (1988)
714,Dead Man (1995)
719,Multiplicity (1996)
720,Wallace & Gromit: The Best of Aardman Animation (1996)
724,"Craft, The (1996)"
733,"Rock, The (1996)"
736,Twister (1996)
737,Barb Wire (1996)
741,Ghost in the Shell (Kôkaku kidôtai) (1995)
742,Thinner (1996)
743,Spy Hard (1996)
745,Wallace & Gromit: A Close Shave (1995)
748,"Arrival, The (1996)"
750,Dr. Strangelove or: How I Learned to Stop Worrying and Love the Bomb (1964)
761,"Phantom, The (1996)"
762,Striptease (1996)
765,Jack (1996)
778,Trainspotting (1996)
780,Independence Day (a.k.a. ID4) (1996)
783,"Hunchback of Notre Dame, The (1996)"
784,"Cable Guy, The (1996)"
785,Kingpin (1996)
786,Eraser (1996)
788,"Nutty Professor, The (1996)"
798,Daylight (1996)
799,"Frighteners, The (1996)"
800,Lone Star (1996)
801,Harriet the Spy (1996)
802,Phenomenon (1996)
805,"Time to Kill, A (1996)"
810,Kazaam (1996)
830,"First Wives Club, The (1996)"
832,Ransom (1996)
836,Chain Reaction (1996)
837,Matilda (1996)
838,Emma (1996)
839,"Crow: City of Angels, The (1996)"
842,Tales from the Crypt Presents: Bordello of Blood (1996)
849,Escape from L.A. (1996)
852,Tin Cup (1996)
858,"Godfather, The (1972)"
866,Bound (1996)
880,"Island of Dr. Moreau, The (1996)"
892,Twelfth Night (1996)
898,"Philadelphia Story, The (1940)"
899,Singin' in the Rain (1952)
900,"American in Paris, An (1951)"
902,Breakfast at Tiffany's (1961)
903,Vertigo (1958)
904,Rear Window (1954)
905,It Happened One Night (1934)
908,North by Northwest (1959)
909,"Apartment, The (1960)"
910,Some Like It Hot (1959)
911,Charade (1963)
912,Casablanca (1942)
913,"Maltese Falcon, The (1941)"
914,My Fair Lady (1964)
915,Sabrina (1954)
916,Roman Holiday (1953)
919,"Wizard of Oz, The (1939)"
920,Gone with the Wind (1939)
922,Sunset Blvd. (a.k.a. Sunset Boulevard) (1950)
923,Citizen Kane (1941)
924,2001: A Space Odyssey (1968)
926,All About Eve (1950)
928,Rebecca (1940)
930,Notorious (1946)
933,To Catch a Thief (1955)
934,Father of the Bride (1950)
951,His Girl Friday (1940)
952,Around the World in 80 Days (1956)
953,It's a Wonderful Life (1946)
954,Mr. Smith Goes to Washington (1939)
955,Bringing Up Baby (1938)
965,"39 Steps, The (1935)"
968,Night of the Living Dead (1968)
969,"African Queen, The (1951)"
986,Fly Away Home (1996)
991,Michael Collins (1996)
994,Big Night (1996)
996,Last Man Standing (1996)
999,2 Days in the Valley (1996)
1013,"Parent Trap, The (1961)"
1015,Homeward Bound: The Incredible Journey (1993)
1019,"20,000 Leagues Under the Sea (1954)"
1020,Cool Runnings (1993)
1021,Angels in the Outfield (1994)
1022,Cinderella (1950)
1023,Winnie the Pooh and the Blustery Day (1968)
1025,"Sword in the Stone, The (1963)"
1027,Robin Hood: Prince of Thieves (1991)
1028,Mary Poppins (1964)
1029,Dumbo (1941)
1030,Pete's Dragon (1977)
1031,Bedknobs and Broomsticks (1971)
1032,Alice in Wonderland (1951)
1033,"Fox and the Hound, The (1981)"
1035,"Sound of Music, The (1965)"
1036,Die Hard (1988)
1037,"Lawnmower Man, The (1992)"
1041,Secrets & Lies (1996)
1042,That Thing You Do! (1996)
1047,"Long Kiss Goodnight, The (1996)"
1049,"Ghost and the Darkness, The (1996)"
1057,Everyone Says I Love You (1996)
1059,William Shakespeare's Romeo + Juliet (1996)
1060,Swingers (1996)
1061,Sleepers (1996)
1064,Aladdin and the King of Thieves (1996)
1073,Willy Wonka & the Chocolate Factory (1971)
1077,Sleeper (1973)
1078,Bananas (1971)
1079,"Fish Called Wanda, A (1988)"
1080,Monty Python's Life of Brian (1979)
1081,Victor/Victoria (1982)
1084,Bonnie and Clyde (1967)
1086,Dial M for Murder (1954)
1088,Dirty Dancing (1987)
1089,Reservoir Dogs (1992)
1090,Platoon (1986)
1091,Weekend at Bernie's (1989)
1092,Basic Instinct (1992)
1093,"Doors, The (1991)"
1094,"Crying Game, The (1992)"
1095,Glengarry Glen Ross (1992)
1097,E.T. the Extra-Terrestrial (1982)
1100,Days of Thunder (1990)
1101,Top Gun (1986)
1103,Rebel Without a Cause (1955)
1104,"Streetcar Named Desire, A (1951)"
1120,"People vs. Larry Flynt, The (1996)"
1124,On Golden Pond (1981)
1125,"Return of the Pink Panther, The (1975)"
1127,"Abyss, The (1989)"
1129,Escape from New York (1981)
1131,Jean de Florette (1986)
1135,Private Benjamin (1980)
1136,Monty Python and the Holy Grail (1975)
1148,Wallace & Gromit: The Wrong Trousers (1993)
1171,Bob Roberts (1992)
1172,Cinema Paradiso (Nuovo cinema Paradiso) (1989)
1173,"Cook the Thief His Wife & Her Lover, The (1989)"
1175,Delicatessen (1991)
1178,Paths of Glory (1957)
1179,"Grifters, The (1990)"
1183,"English Patient, The (1996)"
1186,"Sex, Lies, and Videotape (1989)"
1188,Strictly Ballroom (1992)
1189,"Thin Blue Line, The (1988)"
1193,One Flew Over the Cuckoo's Nest (1975)
1194,Cheech and Chong's Up in Smoke (1978)
1196,Star Wars: Episode V - The Empire Strikes Back (1980)
1197,"Princess Bride, The (1987)"
1198,Raiders of the Lost Ark (Indiana Jones and the Raiders of the Lost Ark) (1981)
1199,Brazil (1985)
1200,Aliens (1986)
1201,"Good, the Bad and the Ugly, The (Buono, il brutto, il cattivo, Il) (1966)"
1203,12 Angry Men (1957)
1204,Lawrence of Arabia (1962)
1206,"Clockwork Orange, A (1971)"
1207,To Kill a Mockingbird (1962)
1208,Apocalypse Now (1979)
1209,Once Upon a Time in the West (C'era una volta il West) (1968)
1210,Star Wars: Episode VI - Return of the Jedi (1983)
1211,"Wings of Desire (Himmel über Berlin, Der) (1987)"
1212,"Third Man, The (1949)"
1213,Goodfellas (1990)
1214,Alien (1979)
1215,Army of Darkness (1993)
1216,"Big Blue, The (Grand bleu, Le) (1988)"
1217,Ran (1985)
1218,"Killer, The (Die xue shuang xiong) (1989)"
1219,Psycho (1960)
1220,"Blues Brothers, The (1980)"
1221,"Godfather: Part II, The (1974)"
1222,Full Metal Jacket (1987)
1223,"Grand Day Out with Wallace and Gromit, A (1989)"
1224,Henry V (1989)
1225,Amadeus (1984)
1227,Once Upon a Time in America (1984)
1228,Raging Bull (1980)
1230,Annie Hall (1977)
1231,"Right Stuff, The (1983)"
1233,"Boot, Das (Boat, The) (1981)"
1234,"Sting, The (1973)"
1235,Harold and Maude (1971)
1237,"Seventh Seal, The (Sjunde inseglet, Det) (1957)"
1240,"Terminator, The (1984)"
1242,Glory (1989)
1243,Rosencrantz and Guildenstern Are Dead (1990)
1244,Manhattan (1979)
1245,Miller's Crossing (1990)
1246,Dead Poets Society (1989)
1247,"Graduate, The (1967)"
1248,Touch of Evil (1958)
1249,"Femme Nikita, La (Nikita) (1990)"
1250,"Bridge on the River Kwai, The (1957)"
1251,8 1/2 (8½) (1963)
1252,Chinatown (1974)
1253,"Day the Earth Stood Still, The (1951)"
1254,"Treasure of the Sierra Madre, The (1948)"
1256,Duck Soup (1933)
1257,Better Off Dead... (1985)
1258,"Shining, The (1980)"
1259,Stand by Me (1986)
1260,M (1931)
1261,Evil Dead II (Dead by Dawn) (1987)
1262,"Great Escape, The (1963)"
1263,"Deer Hunter, The (1978)"
1265,Groundhog Day (1993)
1266,Unforgiven (1992)
1267,"Manchurian Candidate, The (1962)"
1269,Arsenic and Old Lace (1944)
1270,Back to the Future (1985)
1271,Fried Green Tomatoes (1991)
1272,Patton (1970)
1273,Down by Law (1986)
1274,Akira (1988)
1275,Highlander (1986)
1276,Cool Hand Luke (1967)
1277,Cyrano de Bergerac (1990)
1278,Young Frankenstein (1974)
1281,"Great Dictator, The (1940)"
1282,Fantasia (1940)
1283,High Noon (1952)
1284,"Big Sleep, The (1946)"
1285,Heathers (1989)
1287,Ben-Hur (1959)
1288,This Is Spinal Tap (1984)
1289,Koyaanisqatsi (a.k.a. Koyaanisqatsi: Life Out of Balance) (1983)
1291,Indiana Jones and the Last Crusade (1989)
1292,Being There (1979)
1293,Gandhi (1982)
1295,"Unbearable Lightness of Being, The (1988)"
1296,"Room with a View, A (1986)"
1297,Real Genius (1985)
1298,Pink Floyd: The Wall (1982)
1299,"Killing Fields, The (1984)"
1301,Forbidden Planet (1956)
1302,Field of Dreams (1989)
1303,"Man Who Would Be King, The (1975)"
1304,Butch Cassidy and the Sundance Kid (1969)
1307,When Harry Met Sally... (1989)
1320,Alien³ (a.k.a. Alien 3) (1992)
1321,"American Werewolf in London, An (1981)"
1327,"Amityville Horror, The (1979)"
1333,"Birds, The (1963)"
1339,Dracula (Bram Stoker's Dracula) (1992)
1342,Candyman (1992)
1343,Cape Fear (1991)
1344,Cape Fear (1962)
1345,Carrie (1976)
1347,"Nightmare on Elm Street, A (1984)"
1348,"Nosferatu (Nosferatu, eine Symphonie des Grauens) (1922)"
1350,"Omen, The (1976)"
1356,Star Trek: First Contact (1996)
1357,Shine (1996)
1358,Sling Blade (1996)
1359,Jingle All the Way (1996)
1367,101 Dalmatians (1996)
1370,Die Hard 2 (1990)
1371,Star Trek: The Motion Picture (1979)
1372,Star Trek VI: The Undiscovered Country (1991)
1373,Star Trek V: The Final Frontier (1989)
1374,Star Trek II: The Wrath of Khan (1982)
1375,Star Trek III: The Search for Spock (1984)
1376,Star Trek IV: The Voyage Home (1986)
1377,Batman Returns (1992)
1378,Young Guns (1988)
1379,Young Guns II (1990)
1380,Grease (1978)
1381,Grease 2 (1982)
1385,Under Siege (1992)
1387,Jaws (1975)
1388,Jaws 2 (1978)
1391,Mars Attacks! (1996)
1393,Jerry Maguire (1996)
1394,Raising Arizona (1987)
1396,Sneakers (1992)
1405,Beavis and Butt-Head Do America (1996)
1407,Scream (1996)
1408,"Last of the Mohicans, The (1992)"
1409,Michael (1996)
1411,Hamlet (1996)
1416,Evita (1996)
1429,First Strike (Police Story 4: First Strike) (Ging chaat goo si 4: Ji gaan daan yam mo) (1996)
1431,Beverly Hills Ninja (1997)
1438,Dante's Peak (1997)
1441,Benny & Joon (1993)
1449,Waiting for Guffman (1996)
1457,Fools Rush In (1997)
1459,Absolute Power (1997)
1464,Lost Highway (1997)
1466,Donnie Brasco (1997)
1474,Jungle2Jungle (a.k.a. Jungle 2 Jungle) (1997)
1476,Private Parts (1997)
1479,"Saint, The (1997)"
1480,Smilla's Sense of Snow (1997)
1483,Crash (1996)
1485,Liar Liar (1997)
1488,"Devil's Own, The (1997)"
1499,Anaconda (1997)
1500,Grosse Pointe Blank (1997)
1513,Romy and Michele's High School Reunion (1997)
1515,Volcano (1997)
1517,Austin Powers: International Man of Mystery (1997)
1518,Breakdown (1997)
1527,"Fifth Element, The (1997)"
1537,Shall We Dance? (Shall We Dansu?) (1996)
1544,"Lost World: Jurassic Park, The (1997)"
1552,Con Air (1997)
1556,Speed 2: Cruise Control (1997)
1562,Batman & Robin (1997)
1566,Hercules (1997)
1569,My Best Friend's Wedding (1997)
1573,Face/Off (1997)
1580,Men in Black (a.k.a. MIB) (1997)
1584,Contact (1997)
1586,G.I. Jane (1997)
1587,Conan the Barbarian (1982)
1588,George of the Jungle (1997)
1589,Cop Land (1997)
1590,Event Horizon (1997)
1591,Spawn (1997)
1597,Conspiracy Theory (1997)
1603,Mimic (1997)
1608,Air Force One (1997)
1610,"Hunt for Red October, The (1990)"
1614,In & Out (1997)
1615,"Edge, The (1997)"
1616,"Peacemaker, The (1997)"
1617,L.A. Confidential (1997)
1619,Seven Years in Tibet (1997)
1620,Kiss the Girls (1997)
1625,"Game, The (1997)"
1635,"Ice Storm, The (1997)"
1639,Chasing Amy (1997)
1641,"Full Monty, The (1997)"
1644,I Know What You Did Last Summer (1997)
1645,The Devil's Advocate (1997)
1653,Gattaca (1997)
1663,Stripes (1981)
1665,Bean (1997)
1672,"Rainmaker, The (1997)"
1673,Boogie Nights (1997)
1674,Witness (1985)
1676,Starship Troopers (1997)
1680,Sliding Doors (1998)
1682,"Truman Show, The (1998)"
1687,"Jackal, The (1997)"
1688,Anastasia (1997)
1690,Alien: Resurrection (1997)
1693,Amistad (1997)
1702,Flubber (1997)
1704,Good Will Hunting (1997)
1711,Midnight in the Garden of Good and Evil (1997)
1717,Scream 2 (1997)
1719,"Sweet Hereafter, The (1997)"
1721,Titanic (1997)
1722,Tomorrow Never Dies (1997)
1726,"Postman, The (1997)"
1729,Jackie Brown (1997)
1732,"Big Lebowski, The (1998)"
1735,Great Expectations (1998)
1747,Wag the Dog (1997)
1748,Dark City (1998)
1753,Half Baked (1998)
1754,Fallen (1998)
1769,"Replacement Killers, The (1998)"
1772,Blues Brothers 2000 (1998)
1777,"Wedding Singer, The (1998)"
1779,Sphere (1998)
1784,As Good as It Gets (1997)
1792,U.S. Marshals (1998)
1799,Suicide Kings (1997)
1801,"Man in the Iron Mask, The (1998)"
1805,Wild Things (1998)
1810,Primary Colors (1998)
1831,Lost in Space (1998)
1833,Mercury Rising (1998)
1834,"Spanish Prisoner, The (1997)"
1835,City of Angels (1998)
1845,Zero Effect (1998)
1848,"Borrowers, The (1997)"
1876,Deep Impact (1998)
1882,Godzilla (1998)
1883,Bulworth (1998)
1884,Fear and Loathing in Las Vegas (1998)
1885,"Opposite of Sex, The (1998)"
1892,"Perfect Murder, A (1998)"
1894,Six Days Seven Nights (1998)
1895,Can't Hardly Wait (1998)
1907,Mulan (1998)
1909,"X-Files: Fight the Future, The (1998)"
1911,Dr. Dolittle (1998)
1912,Out of Sight (1998)
1916,Buffalo '66 (a.k.a. Buffalo 66) (1998)
1917,Armageddon (1998)
1918,Lethal Weapon 4 (1998)
1920,Small Soldiers (1998)
1921,Pi (1998)
1923,There's Something About Mary (1998)
1944,From Here to Eternity (1953)
1945,On the Waterfront (1954)
1947,West Side Story (1961)
1950,In the Heat of the Night (1967)
1952,Midnight Cowboy (1969)
1953,"French Connection, The (1971)"
1954,Rocky (1976)
1955,Kramer vs. Kramer (1979)
1956,Ordinary People (1980)
1957,Chariots of Fire (1981)
1958,Terms of Endearment (1983)
1959,Out of Africa (1985)
1960,"Last Emperor, The (1987)"
1961,Rain Man (1988)
1962,Driving Miss Daisy (1989)
1963,Take the Money and Run (1969)
1965,Repo Man (1984)
1967,Labyrinth (1986)
1968,"Breakfast Club, The (1985)"
1970,"Nightmare on Elm Street 3: Dream Warriors, A (1987)"
1974,Friday the 13th (1980)
1982,Halloween (1978)
1991,Child's Play (1988)
1994,Poltergeist (1982)
1997,"Exorcist, The (1973)"
2000,Lethal Weapon (1987)
2001,Lethal Weapon 2 (1989)
2002,Lethal Weapon 3 (1992)
2003,Gremlins (1984)
2004,Gremlins 2: The New Batch (1990)
2005,"Goonies, The (1985)"
2006,"Mask of Zorro, The (1998)"
2009,Soylent Green (1973)
2010,Metropolis (1927)
2011,Back to the Future Part II (1989)
2012,Back to the Future Part III (1990)
2013,"Poseidon Adventure, The (1972)"
2018,Bambi (1942)
2019,Seven Samurai (Shichinin no samurai) (1954)
2020,Dangerous Liaisons (1988)
2021,Dune (1984)
2023,"Godfather: Part III, The (1990)"
2028,Saving Private Ryan (1998)
2046,Flight of the Navigator (1986)
2052,Hocus Pocus (1993)
2053,"Honey, I Blew Up the Kid (1992)"
2054,"Honey, I Shrunk the Kids (1989)"
2058,"Negotiator, The (1998)"
2059,"Parent Trap, The (1998)"
2060,BASEketball (1998)
2064,Roger & Me (1989)
2065,"Purple Rose of Cairo, The (1985)"
2067,Doctor Zhivago (1965)
2072,"'burbs, The (1989)"
2076,Blue Velvet (1986)
2078,"Jungle Book, The (1967)"
2080,Lady and the Tramp (1955)
2081,"Little Mermaid, The (1989)"
2082,"Mighty Ducks, The (1992)"
2083,"Muppet Christmas Carol, The (1992)"
2085,101 Dalmatians (One Hundred and One Dalmatians) (1961)
2087,Peter Pan (1953)
2088,Popeye (1980)
2090,"Rescuers, The (1977)"
2094,"Rocketeer, The (1991)"
2096,Sleeping Beauty (1959)
2100,Splash (1984)
2105,Tron (1982)
2108,L.A. Story (1991)
2109,"Jerk, The (1979)"
2110,Dead Men Don't Wear Plaid (1982)
2114,"Outsiders, The (1983)"
2115,Indiana Jones and the Temple of Doom (1984)
2116,"Lord of the Rings, The (1978)"
2117,1984 (Nineteen Eighty-Four) (1984)
2118,"Dead Zone, The (1983)"
2122,Children of the Corn (1984)
2123,All Dogs Go to Heaven (1989)
2124,"Addams Family, The (1991)"
2125,Ever After: A Cinderella Story (1998)
2126,Snake Eyes (1998)
2133,Adventures in Babysitting (1987)
2134,Weird Science (1985)
2135,Doctor Dolittle (1967)
2136,"Nutty Professor, The (1963)"
2137,Charlotte's Web (1973)
2139,"Secret of NIMH, The (1982)"
2140,"Dark Crystal, The (1982)"
2141,"American Tail, An (1986)"
2143,Legend (1985)
2144,Sixteen Candles (1984)
2145,Pretty in Pink (1986)
2146,St. Elmo's Fire (1985)
2150,"Gods Must Be Crazy, The (1980)"
2153,"Avengers, The (1998)"
2160,Rosemary's Baby (1968)
2161,"NeverEnding Story, The (1984)"
2167,Blade (1998)
2174,Beetlejuice (1988)
2186,Strangers on a Train (1951)
2193,Willow (1988)
2194,"Untouchables, The (1987)"
2231,Rounders (1998)
2232,Cube (1997)
2243,Broadcast News (1987)
2245,Working Girl (1988)
2247,Married to the Mob (1988)
2248,Say Anything... (1989)
2249,My Blue Heaven (1990)
2253,Toys (1992)
2268,"Few Good Men, A (1992)"
2273,Rush Hour (1998)
2278,Ronin (1998)
2288,"Thing, The (1982)"
2289,"Player, The (1992)"
2291,Edward Scissorhands (1990)
2294,Antz (1998)
2297,What Dreams May Come (1998)
2300,"Producers, The (1968)"
2301,History of the World: Part I (1981)
2302,My Cousin Vinny (1992)
2311,2010: The Year We Make Contact (1984)
2312,Children of a Lesser God (1986)
2313,"Elephant Man, The (1980)"
2318,Happiness (1998)
2321,Pleasantville (1998)
2324,Life Is Beautiful (La Vita è bella) (1997)
2325,Orgazmo (1997)
2329,American History X (1998)
2334,"Siege, The (1998)"
2335,"Waterboy, The (1998)"
2336,Elizabeth (1998)
2338,I Still Know What You Did Last Summer (1998)
2340,Meet Joe Black (1998)
2346,"Stepford Wives, The (1975)"
2352,"Big Chill, The (1983)"
2353,Enemy of the State (1998)
2355,"Bug's Life, A (1998)"
2359,Waking Ned Devine (a.k.a. Waking Ned) (1998)
2360,"Celebration, The (Festen) (1998)"
2366,King Kong (1933)
2367,King Kong (1976)
2369,Desperately Seeking Susan (1985)
2371,Fletch (1985)
2375,"Money Pit, The (1986)"
2376,"View to a Kill, A (1985)"
2378,Police Academy (1984)
2379,Police Academy 2: Their First Assignment (1985)
2384,Babe: Pig in the City (1998)
2387,Very Bad Things (1998)
2391,"Simple Plan, A (1998)"
2393,Star Trek: Insurrection (1998)
2394,"Prince of Egypt, The (1998)"
2395,Rushmore (1998)
2396,Shakespeare in Love (1998)
2398,Miracle on 34th Street (1947)
2402,Rambo: First Blood Part II (1985)
2403,First Blood (Rambo: First Blood) (1982)
2404,Rambo III (1988)
2405,"Jewel of the Nile, The (1985)"
2406,Romancing the Stone (1984)
2407,Cocoon (1985)
2409,Rocky II (1979)
2410,Rocky III (1982)
2411,Rocky IV (1985)
2412,Rocky V (1990)
2413,Clue (1985)
2414,Young Sherlock Holmes (1985)
2416,Back to School (1986)
2420,"Karate Kid, The (1984)"
2421,"Karate Kid, Part II, The (1986)"
2422,"Karate Kid, Part III, The (1989)"
2423,Christmas Vacation (National Lampoon's Christmas Vacation) (1989)
2424,You've Got Mail (1998)
2427,"Thin Red Line, The (1998)"
2428,"Faculty, The (1998)"
2431,Patch Adams (1998)
2433,"Civil Action, A (1998)"
2447,Varsity Blues (1999)
2450,Howard the Duck (1986)
2454,"Fly, The (1958)"
2455,"Fly, The (1986)"
2459,"Texas Chainsaw Massacre, The (1974)"
2463,Ruthless People (1986)
2467,"Name of the Rose, The (Name der Rose, Der) (1986)"
2468,Jumpin' Jack Flash (1986)
2470,Crocodile Dundee (1986)
2471,Crocodile Dundee II (1988)
2474,"Color of Money, The (1986)"
2476,Heartbreak Ridge (1986)
2478,¡Three Amigos! (1986)
2485,She's All That (1999)
2490,Payback (1999)
2496,Blast from the Past (1999)
2501,October Sky (1999)
2502,Office Space (1999)
2505,8MM (1999)
2527,Westworld (1973)
2528,Logan's Run (1976)
2529,Planet of the Apes (1968)
2530,Beneath the Planet of the Apes (1970)
2532,Conquest of the Planet of the Apes (1972)
2533,Escape from the Planet of the Apes (1971)
2539,Analyze This (1999)
2541,Cruel Intentions (1999)
2542,"Lock, Stock & Two Smoking Barrels (1998)"
2565,"King and I, The (1956)"
2567,EDtv (1999)
2571,"Matrix, The (1999)"
2572,10 Things I Hate About You (1999)
2580,Go (1999)
2581,Never Been Kissed (1999)
2583,Cookie's Fortune (1999)
2596,SLC Punk! (1998)
2598,Pushing Tin (1999)
2599,Election (1999)
2600,eXistenZ (1999)
2605,Entrapment (1999)
2606,Idle Hands (1999)
2616,Dick Tracy (1990)
2617,"Mummy, The (1999)"
2622,William Shakespeare's A Midsummer Night's Dream (1999)
2628,Star Wars: Episode I - The Phantom Menace (1999)
2640,Superman (1978)
2641,Superman II (1980)
2642,Superman III (1983)
2643,Superman IV: The Quest for Peace (1987)
2648,Frankenstein (1931)
2657,"Rocky Horror Picture Show, The (1975)"
2662,"War of the Worlds, The (1953)"
2664,Invasion of the Body Snatchers (1956)
2671,Notting Hill (1999)
2672,"Thirteenth Floor, The (1999)"
2683,Austin Powers: The Spy Who Shagged Me (1999)
2686,"Red Violin, The (Violon rouge, Le) (1998)"
2687,Tarzan (1999)
2688,"General's Daughter, The (1999)"
2692,Run Lola Run (Lola rennt) (1998)
2694,Big Daddy (1999)
2699,Arachnophobia (1990)
2700,"South Park: Bigger, Longer and Uncut (1999)"
2701,Wild Wild West (1999)
2702,Summer of Sam (1999)
2706,American Pie (1999)
2707,Arlington Road (1999)
2710,"Blair Witch Project, The (1999)"
2712,Eyes Wide Shut (1999)
2713,Lake Placid (1999)
2716,Ghostbusters (a.k.a. Ghost Busters) (1984)
2717,Ghostbusters II (1989)
2719,"Haunting, The (1999)"
2720,Inspector Gadget (1999)
2722,Deep Blue Sea (1999)
2723,Mystery Men (1999)
2724,Runaway Bride (1999)
2728,Spartacus (1960)
2731,"400 Blows, The (Les quatre cents coups) (1959)"
2735,"Golden Child, The (1986)"
2739,"Color Purple, The (1985)"
2746,Little Shop of Horrors (1986)
2761,"Iron Giant, The (1999)"
2762,"Sixth Sense, The (1999)"
2763,"Thomas Crown Affair, The (1999)"
2770,Bowfinger (1999)
2779,Heaven Can Wait (1978)
2788,Monty Python's And Now for Something Completely Different (1971)
2791,Airplane! (1980)
2792,Airplane II: The Sequel (1982)
2794,European Vacation (aka National Lampoon's European Vacation) (1985)
2795,National Lampoon's Vacation (1983)
2796,Funny Farm (1988)
2797,Big (1988)
2798,Problem Child (1990)
2802,Tequila Sunrise (1988)
2803,"Pelican Brief, The (1993)"
2804,"Christmas Story, A (1983)"
2805,Mickey Blue Eyes (1999)
2808,Universal Soldier (1992)
2819,Three Days of the Condor (3 Days of the Condor) (1975)
2822,Medicine Man (1992)
2826,"13th Warrior, The (1999)"
2827,"Astronaut's Wife, The (1999)"
2840,Stigmata (1999)
2841,Stir of Echoes (1999)
2857,Yellow Submarine (1968)
2858,American Beauty (1999)
2863,"Hard Day's Night, A (1964)"
2867,Fright Night (1985)
2871,Deliverance (1972)
2872,Excalibur (1981)
2881,Double Jeopardy (1999)
2890,Three Kings (1999)
2901,Phantasm (1979)
2908,Boys Don't Cry (1999)
2912,"Limey, The (1999)"
2915,Risky Business (1983)
2916,Total Recall (1990)
2918,Ferris Bueller's Day Off (1986)
2921,High Plains Drifter (1973)
2926,Hairspray (1988)
2942,Flashdance (1983)
2944,"Dirty Dozen, The (1967)"
2947,Goldfinger (1964)
2948,From Russia with Love (1963)
2949,Dr. No (1962)
2950,"Blue Lagoon, The (1980)"
2951,"Fistful of Dollars, A (Per un pugno di dollari) (1964)"
2952,Sydney (Hard Eight) (1996)
2953,Home Alone 2: Lost in New York (1992)
2959,Fight Club (1999)
2966,"Straight Story, The (1999)"
2968,Time Bandits (1981)
2973,Crimes and Misdemeanors (1989)
2985,RoboCop (1987)
2986,RoboCop 2 (1990)
2987,Who Framed Roger Rabbit? (1988)
2989,For Your Eyes Only (1981)
2990,Licence to Kill (1989)
2991,Live and Let Die (1973)
2993,Thunderball (1965)
2995,House on Haunted Hill (1999)
2997,Being John Malkovich (1999)
3000,Princess Mononoke (Mononoke-hime) (1997)
3004,"Bachelor, The (1999)"
3005,"Bone Collector, The (1999)"
3006,"Insider, The (1999)"
3016,Creepshow (1982)
3020,Falling Down (1993)
3030,Yojimbo (1961)
3033,Spaceballs (1987)
3034,Robin Hood (1973)
3035,Mister Roberts (1955)
3037,Little Big Man (1970)
3039,Trading Places (1983)
3044,Dead Again (1991)
3052,Dogma (1999)
3053,"Messenger: The Story of Joan of Arc, The (1999)"
3060,"Commitments, The (1991)"
3062,"Longest Day, The (1962)"
3070,"Adventures of Buckaroo Banzai Across the 8th Dimension, The (1984)"
3072,Moonstruck (1987)
3081,Sleepy Hollow (1999)
3082,"World Is Not Enough, The (1999)"
3083,All About My Mother (Todo sobre mi madre) (1999)
3087,Scrooged (1988)
3088,Harvey (1950)
3089,Bicycle Thieves (a.k.a. The Bicycle Thief) (a.k.a. The Bicycle Thieves) (Ladri di biciclette) (1948)
3098,"Natural, The (1984)"
3100,"River Runs Through It, A (1992)"
3101,Fatal Attraction (1987)
3104,Midnight Run (1988)
3105,Awakenings (1990)
3107,Backdraft (1991)
3108,"Fisher King, The (1991)"
3113,End of Days (1999)
3114,Toy Story 2 (1999)
3146,Deuce Bigalow: Male Gigolo (1999)
3147,"Green Mile, The (1999)"
3148,"Cider House Rules, The (1999)"
3156,Bicentennial Man (1999)
3157,Stuart Little (1999)
3159,Fantasia 2000 (1999)
3160,Magnolia (1999)
3168,Easy Rider (1969)
3173,Any Given Sunday (1999)
3174,Man on the Moon (1999)
3175,Galaxy Quest (1999)
3176,"Talented Mr. Ripley, The (1999)"
3178,"Hurricane, The (1999)"
3186,"Girl, Interrupted (1999)"
3189,My Dog Skip (1999)
3198,Papillon (1973)
3203,Dead Calm (1989)
3210,Fast Times at Ridgemont High (1982)
3213,Batman: Mask of the Phantasm (1993)
3219,Pacific Heights (1990)
3243,Encino Man (1992)
3244,"Goodbye Girl, The (1977)"
3246,Malcolm X (1992)
3247,Sister Act (1992)
3248,Sister Act 2: Back in the Habit (1993)
3252,Scent of a Woman (1992)
3253,Wayne's World (1992)
3254,Wayne's World 2 (1993)
3255,"League of Their Own, A (1992)"
3256,Patriot Games (1992)
3257,"Bodyguard, The (1992)"
3258,Death Becomes Her (1992)
3259,Far and Away (1992)
3260,Howards End (1992)
3261,Singles (1992)
3262,Twin Peaks: Fire Walk with Me (1992)
3263,White Men Can't Jump (1992)
3264,Buffy the Vampire Slayer (1992)
3267,"Mariachi, El (1992)"
3268,Stop! Or My Mom Will Shoot (1992)
3269,Forever Young (1992)
3270,"Cutting Edge, The (1992)"
3271,Of Mice and Men (1992)
3273,Scream 3 (2000)
3274,Single White Female (1992)
3275,"Boondock Saints, The (2000)"
3285,"Beach, The (2000)"
3298,Boiler Room (2000)
3300,Pitch Black (2000)
3301,"Whole Nine Yards, The (2000)"
3307,City Lights (1931)
3316,Reindeer Games (2000)
3317,Wonder Boys (2000)
3328,Ghost Dog: The Way of the Samurai (1999)
3354,Mission to Mars (2000)
3355,"Ninth Gate, The (1999)"
3359,Breaking Away (1979)
3360,Hoosiers (a.k.a. Best Shot) (1986)
3361,Bull Durham (1988)
3362,Dog Day Afternoon (1975)
3363,American Graffiti (1973)
3386,JFK (1991)
3388,Harry and the Hendersons (1987)
3396,"Muppet Movie, The (1979)"
3397,"Great Muppet Caper, The (1981)"
3398,"Muppets Take Manhattan, The (1984)"
3408,Erin Brockovich (2000)
3409,Final Destination (2000)
3418,Thelma & Louise (1991)
3421,Animal House (1978)
3424,Do the Right Thing (1989)
3429,Creature Comforts (1989)
3435,Double Indemnity (1944)
3438,Teenage Mutant Ninja Turtles (1990)
3439,Teenage Mutant Ninja Turtles II: The Secret of the Ooze (1991)
3440,Teenage Mutant Ninja Turtles III (1993)
3441,Red Dawn (1984)
3448,"Good Morning, Vietnam (1987)"
3450,Grumpy Old Men (1993)
3451,Guess Who's Coming to Dinner (1967)
3452,Romeo Must Die (2000)
3461,Lord of the Flies (1963)
3462,Modern Times (1936)
3468,"Hustler, The (1961)"
3471,Close Encounters of the Third Kind (1977)
3476,Jacob's Ladder (1990)
3477,Empire Records (1995)
3479,Ladyhawke (1985)
3481,High Fidelity (2000)
3483,"Road to El Dorado, The (2000)"
3489,Hook (1991)
3499,Misery (1990)
3503,Solaris (Solyaris) (1972)
3504,Network (1976)
3507,"Odd Couple, The (1968)"
3508,"Outlaw Josey Wales, The (1976)"
3510,Frequency (2000)
3526,Parenthood (1989)
3527,Predator (1987)
3534,28 Days (2000)
3535,American Psycho (2000)
3536,Keeping the Faith (2000)
3543,Diner (1982)
3551,Marathon Man (1976)
3552,Caddyshack (1980)
3555,U-571 (2000)
3556,"Virgin Suicides, The (1999)"
3564,"Flintstones in Viva Rock Vegas, The (2000)"
3578,Gladiator (2000)
3591,Mr. Mom (1983)
3593,Battlefield Earth (2000)
3608,Pee-wee's Big Adventure (1985)
3615,Dinosaur (2000)
3617,Road Trip (2000)
3618,Small Time Crooks (2000)
3623,Mission: Impossible II (2000)
3624,Shanghai Noon (2000)
3633,On Her Majesty's Secret Service (1969)
3635,"Spy Who Loved Me, The (1977)"
3638,Moonraker (1979)
3639,"Man with the Golden Gun, The (1974)"
3646,Big Momma's House (2000)
3654,"Guns of Navarone, The (1961)"
3668,Romeo and Juliet (1968)
3671,Blazing Saddles (1974)
3681,For a Few Dollars More (Per qualche dollaro in più) (1965)
3683,Blood Simple (1984)
3686,Flatliners (1990)
3688,Porky's (1982)
3697,Predator 2 (1990)
3698,"Running Man, The (1987)"
3699,Starman (1984)
3701,Alien Nation (1988)
3702,Mad Max (1979)
3703,"Road Warrior, The (Mad Max 2) (1981)"
3704,Mad Max Beyond Thunderdome (1985)
3717,Gone in 60 Seconds (2000)
3730,"Conversation, The (1974)"
3735,Serpico (1973)
3740,Big Trouble in Little China (1986)
3741,Badlands (1973)
3744,Shaft (2000)
3745,Titan A.E. (2000)
3751,Chicken Run (2000)
3752,"Me, Myself & Irene (2000)"
3753,"Patriot, The (2000)"
3755,"Perfect Storm, The (2000)"
3763,F/X (1986)
3783,Croupier (1998)
3784,"Kid, The (2000)"
3785,Scary Movie (2000)
3791,Footloose (1984)
3793,X-Men (2000)
3798,What Lies Beneath (2000)
3809,What About Bob? (1991)
3812,Everything You Always Wanted to Know About Sex * But Were Afraid to Ask (1972)
3821,Nutty Professor II: The Klumps (2000)
3824,Autumn in New York (2000)
3825,Coyote Ugly (2000)
3826,Hollow Man (2000)
3827,Space Cowboys (2000)
3831,Saving Grace (2000)
3836,Kelly's Heroes (1970)
3852,"Tao of Steve, The (2000)"
3861,"Replacements, The (2000)"
3863,"Cell, The (2000)"
3868,"Naked Gun: From the Files of Police Squad!, The (1988)"
3869,"Naked Gun 2 1/2: The Smell of Fear, The (1991)"
3882,Bring It On (2000)
3893,Nurse Betty (2000)
3897,Almost Famous (2000)
3910,Dancer in the Dark (2000)
3911,Best in Show (2000)
3916,Remember the Titans (2000)
3917,Hellraiser (1987)
3948,Meet the Parents (2000)
3949,Requiem for a Dream (2000)
3967,Billy Elliot (2000)
3968,Bedazzled (2000)
3969,Pay It Forward (2000)
3972,"Legend of Drunken Master, The (Jui kuen II) (1994)"
3977,Charlie's Angels (2000)
3978,"Legend of Bagger Vance, The (2000)"
3979,Little Nicky (2000)
3980,Men of Honor (2000)
3981,Red Planet (2000)
3984,Diamonds Are Forever (1971)
3986,"6th Day, The (2000)"
3988,How the Grinch Stole Christmas (a.k.a. The Grinch) (2000)
3994,Unbreakable (2000)
3996,"Crouching Tiger, Hidden Dragon (Wo hu cang long) (2000)"
3997,Dungeons & Dragons (2000)
3998,Proof of Life (2000)
3999,Vertical Limit (2000)
4002,"Planes, Trains & Automobiles (1987)"
4005,"Living Daylights, The (1987)"
4007,Wall Street (1987)
4008,Born on the Fourth of July (1989)
4011,Snatch (2000)
4014,Chocolat (2000)
4015,"Dude, Where's My Car? (2000)"
4016,"Emperor's New Groove, The (2000)"
4017,Pollock (2000)
4018,What Women Want (2000)
4019,Finding Forrester (2000)
4020,"Gift, The (2000)"
4022,Cast Away (2000)
4023,"Family Man, The (2000)"
4025,Miss Congeniality (2000)
4027,"O Brother, Where Art Thou? (2000)"
4029,State and Main (2000)
4033,Thirteen Days (2000)
4034,Traffic (2000)
4036,Shadow of the Vampire (2000)
4039,Annie (1982)
4040,Don't Tell Mom the Babysitter's Dead (1991)
4041,"Officer and a Gentleman, An (1982)"
4054,Save the Last Dance (2001)
4069,"Wedding Planner, The (2001)"
4084,Beverly Hills Cop II (1987)
4085,Beverly Hills Cop (1984)
4105,"Evil Dead, The (1981)"
4121,Innerspace (1987)
4128,"Lost Boys, The (1987)"
4144,In the Mood For Love (Fa yeung nin wa) (2000)
4148,Hannibal (2001)
4149,Saving Silverman (Evil Woman) (2001)
4153,Down to Earth (2001)
4161,"Mexican, The (2001)"
4214,Revenge of the Nerds (1984)
4223,Enemy at the Gates (2001)
4226,Memento (2000)
4232,Spy Kids (2001)
4235,Amores Perros (Love's a Bitch) (2000)
4238,Along Came a Spider (2001)
4239,Blow (2001)
4246,Bridget Jones's Diary (2001)
4247,Joe Dirt (2001)
4254,Crocodile Dundee in Los Angeles (2001)
4262,Scarface (1983)
4270,"Mummy Returns, The (2001)"
4291,Nine to Five (a.k.a. 9 to 5) (1980)
4299,"Knight's Tale, A (2001)"
4306,Shrek (2001)
4308,Moulin Rouge (2001)
4310,Pearl Harbor (2001)
4321,City Slickers (1991)
4326,Mississippi Burning (1988)
4327,"Magnificent Seven, The (1960)"
4340,"Animal, The (2001)"
4343,Evolution (2001)
4344,Swordfish (2001)
4351,Point Break (1991)
4361,Tootsie (1982)
4366,Atlantis: The Lost Empire (2001)
4367,Lara Croft: Tomb Raider (2001)
4368,Dr. Dolittle 2 (2001)
4369,"Fast and the Furious, The (2001)"
4370,A.I. Artificial Intelligence (2001)
4378,Sexy Beast (2000)
4386,Cats & Dogs (2001)
4388,Scary Movie 2 (2001)
4446,Final Fantasy: The Spirits Within (2001)
4447,Legally Blonde (2001)
4448,"Score, The (2001)"
4467,"Adventures of Baron Munchausen, The (1988)"
4487,Cocktail (1988)
4489,Coming to America (1988)
4499,Dirty Rotten Scoundrels (1988)
4545,Short Circuit (1986)
4558,Twins (1988)
4571,Bill & Ted's Excellent Adventure (1989)
4621,Look Who's Talking (1989)
4623,Major League (1989)
4638,Jurassic Park III (2001)
4639,America's Sweethearts (2001)
4641,Ghost World (2001)
4642,Hedwig and the Angry Inch (2000)
4643,Planet of the Apes (2001)
4677,Turner & Hooch (1989)
4679,Uncle Buck (1989)
4700,"Princess Diaries, The (2001)"
4701,Rush Hour 2 (2001)
4718,American Pie 2 (2001)
4720,"Others, The (2001)"
4728,Rat Race (2001)
4734,Jay and Silent Bob Strike Back (2001)
4776,Training Day (2001)
4816,Zoolander (2001)
4823,Serendipity (2001)
4848,Mulholland Drive (2001)
4855,Dirty Harry (1971)
4865,From Hell (2001)
4873,Waking Life (2001)
4874,K-PAX (2001)
4876,Thirteen Ghosts (a.k.a. Thir13en Ghosts) (2001)
4878,Donnie Darko (2001)
4881,"Man Who Wasn't There, The (2001)"
4886,"Monsters, Inc. (2001)"
4887,"One, The (2001)"
4890,Shallow Hal (2001)
4896,Harry Potter and the Sorcerer's Stone (a.k.a. Harry Potter and the Philosopher's Stone) (2001)
4901,Spy Game (2001)
4954,Ocean's Eleven (a.k.a. Ocean's 11) (1960)
4958,Behind Enemy Lines (2001)
4963,Ocean's Eleven (2001)
4967,No Man's Land (2001)
4973,"Amelie (Fabuleux destin d'Amélie Poulain, Le) (2001)"
4974,Not Another Teen Movie (2001)
4975,Vanilla Sky (2001)
4979,"Royal Tenenbaums, The (2001)"
4980,Bill & Ted's Bogus Journey (1991)
4992,Kate & Leopold (2001)
4993,"Lord of the Rings: The Fellowship of the Ring, The (2001)"
4995,"Beautiful Mind, A (2001)"
5010,Black Hawk Down (2001)
5013,Gosford Park (2001)
5014,I Am Sam (2001)
5015,Monster's Ball (2001)
5025,Orange County (2002)
5026,"Brotherhood of the Wolf (Pacte des loups, Le) (2001)"
5049,48 Hrs. (1982)
5060,M*A*S*H (a.k.a. MASH) (1970)
5064,The Count of Monte Cristo (2002)
5065,"Mothman Prophecies, The (2002)"
5066,"Walk to Remember, A (2002)"
5072,Metropolis (2001)
5103,"Sandlot, The (1993)"
5108,John Q (2002)
5110,Super Troopers (2001)
5128,Queen of the Damned (2002)
5135,Monsoon Wedding (2001)
5151,40 Days and 40 Nights (2002)
5152,We Were Soldiers (2002)
5171,"Time Machine, The (2002)"
5218,Ice Age (2002)
5219,Resident Evil (2002)
5225,And Your Mother Too (Y tu mamá también) (2001)
5254,Blade II (2002)
5265,Death to Smoochy (2002)
5266,Panic Room (2002)
5267,"Rookie, The (2002)"
5283,National Lampoon's Van Wilder (2002)
5291,Rashomon (Rashômon) (1950)
5294,Frailty (2001)
5299,My Big Fat Greek Wedding (2002)
5308,Three Men and a Baby (1987)
5313,The Scorpion King (2002)
5349,Spider-Man (2002)
5377,About a Boy (2002)
5378,Star Wars: Episode II - Attack of the Clones (2002)
5388,Insomnia (2002)
5400,"Sum of All Fears, The (2002)"
5418,"Bourne Identity, The (2002)"
5419,Scooby-Doo (2002)
5444,Lilo & Stitch (2002)
5445,Minority Report (2002)
5449,Mr. Deeds (2002)
5459,Men in Black II (a.k.a. MIIB) (a.k.a. MIB 2) (2002)
5463,Reign of Fire (2002)
5464,Road to Perdition (2002)
5481,Austin Powers in Goldmember (2002)
5502,Signs (2002)
5505,"Good Girl, The (2002)"
5507,xXx (2002)
5528,One Hour Photo (2002)
5541,Hot Shots! (1991)
5574,"Transporter, The (2002)"
5577,Igby Goes Down (2002)
5608,"Das Experiment (Experiment, The) (2001)"
5617,Secretary (2002)
5618,Spirited Away (Sen to Chihiro no kamikakushi) (2001)
5620,Sweet Home Alabama (2002)
5630,Red Dragon (2002)
5650,Strange Brew (1983)
5669,Bowling for Columbine (2002)
5673,Punch-Drunk Love (2002)
5679,"Ring, The (2002)"
5690,Grave of the Fireflies (Hotaru no haka) (1988)
5693,Saturday Night Fever (1977)
5782,"Professional, The (Le professionnel) (1981)"
5785,Jackass: The Movie (2002)
5791,Frida (2002)
5810,8 Mile (2002)
5812,Far from Heaven (2002)
5816,Harry Potter and the Chamber of Secrets (2002)
5872,Die Another Day (2002)
5878,Talk to Her (Hable con Ella) (2002)
5881,Solaris (2002)
5902,Adaptation (2002)
5903,Equilibrium (2002)
5943,Maid in Manhattan (2002)
5944,Star Trek: Nemesis (2002)
5945,About Schmidt (2002)
5952,"Lord of the Rings: The Two Towers, The (2002)"
5954,25th Hour (2002)
5956,Gangs of New York (2002)
5957,Two Weeks Notice (2002)
5971,My Neighbor Totoro (Tonari no Totoro) (1988)
5989,Catch Me If You Can (2002)
5991,Chicago (2002)
5992,"Hours, The (2002)"
5995,"Pianist, The (2002)"
6003,Confessions of a Dangerous Mind (2002)
6016,City of God (Cidade de Deus) (2002)
6059,"Recruit, The (2003)"
6155,How to Lose a Guy in 10 Days (2003)
6156,Shanghai Knights (2003)
6157,Daredevil (2003)
6188,Old School (2003)
6218,Bend It Like Beckham (2002)
6242,Ringu (Ring) (1998)
6281,Phone Booth (2002)
6283,Cowboy Bebop: The Movie (Cowboy Bebop: Tengoku no Tobira) (2001)
6287,Anger Management (2003)
6294,Bulletproof Monk (2003)
6296,"Mighty Wind, A (2003)"
6297,Holes (2003)
6323,Identity (2003)
6331,Spellbound (2002)
6333,X2: X-Men United (2003)
6350,Laputa: Castle in the Sky (Tenkû no shiro Rapyuta) (1986)
6365,"Matrix Reloaded, The (2003)"
6373,Bruce Almighty (2003)
6377,Finding Nemo (2003)
6378,"Italian Job, The (2003)"
6383,"2 Fast 2 Furious (Fast and the Furious 2, The) (2003)"
6385,Whale Rider (2002)
6440,Barton Fink (1991)
6482,Dumb and Dumberer: When Harry Met Lloyd (2003)
6502,28 Days Later (2002)
6503,Charlie's Angels: Full Throttle (2003)
6534,Hulk (2003)
6535,"Legally Blonde 2: Red, White & Blonde (2003)"
6537,Terminator 3: Rise of the Machines (2003)
6539,Pirates of the Caribbean: The Curse of the Black Pearl (2003)
6541,"League of Extraordinary Gentlemen, The (a.k.a. LXG) (2003)"
6548,Bad Boys II (2003)
6550,Johnny English (2003)
6552,Dirty Pretty Things (2002)
6564,Lara Croft Tomb Raider: The Cradle of Life (2003)
6565,Seabiscuit (2003)
6586,American Wedding (American Pie 3) (2003)
6593,Freaky Friday (2003)
6595,S.W.A.T. (2003)
6618,Shaolin Soccer (Siu lam juk kau) (2001)
6620,American Splendor (2003)
6659,Tremors (1990)
6662,"Pink Panther, The (1963)"
6708,Matchstick Men (2003)
6709,Once Upon a Time in Mexico (2003)
6711,Lost in Translation (2003)
6753,Secondhand Lions (2003)
6754,Underworld (2003)
6755,Bubba Ho-tep (2002)
6764,"Rundown, The (2003)"
6773,"Triplets of Belleville, The (Les triplettes de Belleville) (2003)"
6787,All the President's Men (1976)
6793,Beethoven (1992)
6796,Boyz N the Hood (1991)
6807,Monty Python's The Meaning of Life (1983)
6857,Ninja Scroll (Jûbei ninpûchô) (1995)
6863,School of Rock (2003)
6867,"Station Agent, The (2003)"
6870,Mystic River (2003)
6873,Intolerable Cruelty (2003)
6874,Kill Bill: Vol. 1 (2003)
6879,Runaway Jury (2003)
6888,Scary Movie 3 (2003)
6934,"Matrix Revolutions, The (2003)"
6936,Elf (2003)
6942,Love Actually (2003)
6944,Father of the Bride (1991)
6947,Master and Commander: The Far Side of the World (2003)
6953,21 Grams (2003)
6957,Bad Santa (2003)
6979,WarGames (1983)
6993,Hannah and Her Sisters (1986)
7004,Kindergarten Cop (1990)
7022,Battle Royale (Batoru rowaiaru) (2000)
7046,"Witches of Eastwick, The (1987)"
7090,Hero (Ying xiong) (2002)
7099,Nausicaä of the Valley of the Wind (Kaze no tani no Naushika) (1984)
7143,"Last Samurai, The (2003)"
7147,Big Fish (2003)
7149,Something's Gotta Give (2003)
7151,Girl with a Pearl Earring (2003)
7153,"Lord of the Rings: The Return of the King, The (2003)"
7156,"Fog of War: Eleven Lessons from the Life of Robert S. McNamara, The (2003)"
7160,Monster (2003)
7162,Cold Mountain (2003)
7163,Paycheck (2003)
7173,Along Came Polly (2004)
7247,Chitty Chitty Bang Bang (1968)
7254,The Butterfly Effect (2004)
7265,"Dreamers, The (2003)"
7293,50 First Dates (2004)
7317,EuroTrip (2004)
7318,"Passion of the Christ, The (2004)"
7323,"Good bye, Lenin! (2003)"
7324,Hidalgo (2004)
7325,Starsky & Hutch (2004)
7346,"Girl Next Door, The (2004)"
7347,Secret Window (2004)
7360,Dawn of the Dead (2004)
7361,Eternal Sunshine of the Spotless Mind (2004)
7367,"Ladykillers, The (2004)"
7371,Dogville (2003)
7373,Hellboy (2004)
7387,Dawn of the Dead (1978)
7438,Kill Bill: Vol. 2 (2004)
7439,"Punisher, The (2004)"
7444,13 Going on 30 (2004)
7445,Man on Fire (2004)
7451,Mean Girls (2004)
7454,Van Helsing (2004)
7458,Troy (2004)
7482,Enter the Dragon (1973)
7569,You Only Live Twice (1967)
8228,"Maltese Falcon, The (a.k.a. Dangerous Female) (1931)"
8360,Shrek 2 (2004)
8361,"Day After Tomorrow, The (2004)"
8366,Saved! (2004)
8368,Harry Potter and the Prisoner of Azkaban (2004)
8370,"Blind Swordsman: Zatoichi, The (Zatôichi) (2003)"
8371,"Chronicles of Riddick, The (2004)"
8373,"Stepford Wives, The (2004)"
8376,Napoleon Dynamite (2004)
8464,Super Size Me (2004)
8528,Dodgeball: A True Underdog Story (2004)
8529,"Terminal, The (2004)"
8533,"Notebook, The (2004)"
8622,Fahrenheit 9/11 (2004)
8623,Roxanne (1987)
8636,Spider-Man 2 (2004)
8638,Before Sunset (2004)
8640,King Arthur (2004)
8641,Anchorman: The Legend of Ron Burgundy (2004)
8644,"I, Robot (2004)"
8665,"Bourne Supremacy, The (2004)"
8781,"Manchurian Candidate, The (2004)"
8783,"Village, The (2004)"
8784,Garden State (2004)
8798,Collateral (2004)
8807,Harold and Kumar Go to White Castle (2004)
8810,AVP: Alien vs. Predator (2004)
8861,Resident Evil: Apocalypse (2004)
8865,Sky Captain and the World of Tomorrow (2004)
8873,"Motorcycle Diaries, The (Diarios de motocicleta) (2004)"
8874,Shaun of the Dead (2004)
8907,Shark Tale (2004)
8910,I Heart Huckabees (2004)
8914,Primer (2004)
8917,Team America: World Police (2004)
8949,Sideways (2004)
8950,The Machinist (2004)
8957,Saw (2004)
8958,Ray (2004)
8961,"Incredibles, The (2004)"
8965,"Polar Express, The (2004)"
8969,Bridget Jones: The Edge of Reason (2004)
8970,Finding Neverland (2004)
8972,National Treasure (2004)
8981,Closer (2004)
8983,House of Flying Daggers (Shi mian mai fu) (2004)
8984,Ocean's Twelve (2004)
8985,Blade: Trinity (2004)
26662,Kiki's Delivery Service (Majo no takkyûbin) (1989)
26776,Porco Rosso (Crimson Pig) (Kurenai no buta) (1992)
27611,Battlestar Galactica (2003)
27660,"Animatrix, The (2003)"
27706,Lemony Snicket's A Series of Unfortunate Events (2004)
27773,Old Boy (2003)
27801,Ong-Bak: The Thai Warrior (Ong Bak) (2003)
27808,Spanglish (2004)
27815,"Chorus, The (Choristes, Les) (2004)"
27831,Layer Cake (2004)
27904,"Scanner Darkly, A (2006)"
30707,Million Dollar Baby (2004)
30749,Hotel Rwanda (2004)
30793,Charlie and the Chocolate Factory (2005)
30810,"Life Aquatic with Steve Zissou, The (2004)"
30812,"Aviator, The (2004)"
30816,"Phantom of the Opera, The (2004)"
30822,In Good Company (2004)
30825,Meet the Fockers (2004)
31410,"Downfall (Untergang, Der) (2004)"
31433,"Wedding Date, The (2005)"
31658,Howl's Moving Castle (Hauru no ugoku shiro) (2004)
31685,Hitch (2005)
31696,Constantine (2005)
31878,Kung Fu Hustle (Gong fu) (2004)
32031,Robots (2005)
32587,Sin City (2005)
33004,"Hitchhiker's Guide to the Galaxy, The (2005)"
33162,Kingdom of Heaven (2005)
33166,Crash (2004)
33493,Star Wars: Episode III - Revenge of the Sith (2005)
33615,Madagascar (2005)
33660,Cinderella Man (2005)
33679,Mr. & Mrs. Smith (2005)
33794,Batman Begins (2005)
33836,Bewitched (2005)
34048,War of the Worlds (2005)
34072,"March of the Penguins (Marche de l'empereur, La) (2005)"
34150,Fantastic Four (2005)
34162,Wedding Crashers (2005)
34319,"Island, The (2005)"
34405,Serenity (2005)
34437,Broken Flowers (2005)
34520,"Dukes of Hazzard, The (2005)"
35836,"40-Year-Old Virgin, The (2005)"
36401,"Brothers Grimm, The (2005)"
36517,"Constant Gardener, The (2005)"
36519,Transporter 2 (2005)
36529,Lord of War (2005)
36708,Family Guy Presents Stewie Griffin: The Untold Story (2005)
37384,Waiting... (2005)
37386,Aeon Flux (2005)
37727,Flightplan (2005)
37729,Corpse Bride (2005)
37733,"History of Violence, A (2005)"
37741,Capote (2005)
38038,Wallace & Gromit in The Curse of the Were-Rabbit (2005)
38061,Kiss Kiss Bang Bang (2005)
39183,Brokeback Mountain (2005)
39292,"Good Night, and Good Luck. (2005)"
39446,Saw II (2005)
40278,Jarhead (2005)
40583,Syriana (2005)
40629,Pride & Prejudice (2005)
40732,"Descent, The (2005)"
40815,Harry Potter and the Goblet of Fire (2005)
40819,Walk the Line (2005)
41285,Match Point (2005)
41566,"Chronicles of Narnia: The Lion, the Witch and the Wardrobe, The (2005)"
41569,King Kong (2005)
41571,Memoirs of a Geisha (2005)
41997,Munich (2005)
42011,Fun with Dick and Jane (2005)
42723,Hostel (2005)
42738,Underworld: Evolution (2006)
43928,Ultraviolet (2006)
44022,Ice Age 2: The Meltdown (2006)
44191,V for Vendetta (2006)
44195,Thank You for Smoking (2006)
44199,Inside Man (2006)
44555,"Lives of Others, The (Das leben der Anderen) (2006)"
44665,Lucky Number Slevin (2006)
44761,Brick (2005)
44840,"Benchwarmers, The (2006)"
44972,Scary Movie 4 (2006)
44974,Hard Candy (2005)
45081,Silent Hill (2006)
45186,Mission: Impossible III (2006)
45431,Over the Hedge (2006)
45447,"Da Vinci Code, The (2006)"
45499,X-Men: The Last Stand (2006)
45501,"Break-Up, The (2006)"
45517,Cars (2006)
45666,Nacho Libre (2006)
45672,Click (2006)
45720,"Devil Wears Prada, The (2006)"
45722,Pirates of the Caribbean: Dead Man's Chest (2006)
45728,Clerks II (2006)
45880,Marie Antoinette (2006)
45950,"Inconvenient Truth, An (2006)"
46335,"Fast and the Furious: Tokyo Drift, The (Fast and the Furious 3, The) (2006)"
46530,Superman Returns (2006)
46578,Little Miss Sunshine (2006)
46723,Babel (2006)
46965,Snakes on a Plane (2006)
46970,Talladega Nights: The Ballad of Ricky Bobby (2006)
46972,Night at the Museum (2006)
46976,Stranger than Fiction (2006)
47099,"Pursuit of Happyness, The (2006)"
47200,Crank (2006)
47518,Accepted (2006)
47610,"Illusionist, The (2006)"
47629,The Queen (2006)
47997,Idiocracy (2006)
48043,"Fountain, The (2006)"
48082,"Science of Sleep, The (La science des rêves) (2006)"
48304,Apocalypto (2006)
48385,Borat: Cultural Learnings of America for Make Benefit Glorious Nation of Kazakhstan (2006)
48394,"Pan's Labyrinth (Laberinto del fauno, El) (2006)"
48516,"Departed, The (2006)"
48738,"Last King of Scotland, The (2006)"
48774,Children of Men (2006)
48780,"Prestige, The (2006)"
48783,Flags of Our Fathers (2006)
48877,Saw III (2006)
49272,Casino Royale (2006)
49274,Happy Feet (2006)
49278,Déjà Vu (Deja Vu) (2006)
49286,"Holiday, The (2006)"
49530,Blood Diamond (2006)
49649,Eragon (2006)
49651,Rocky Balboa (2006)
50068,Letters from Iwo Jima (2006)
50872,Ratatouille (2007)
51077,Ghost Rider (2007)
51086,"Number 23, The (2007)"
51255,Hot Fuzz (2007)
51412,Next (2007)
51540,Zodiac (2007)
51662,300 (2007)
51935,Shooter (2007)
52245,Blades of Glory (2007)
52281,Grindhouse (2007)
52287,Meet the Robinsons (2007)
52328,Sunshine (2007)
52435,How the Grinch Stole Christmas! (1966)
52604,Fracture (2007)
52722,Spider-Man 3 (2007)
52973,Knocked Up (2007)
52975,Hairspray (2007)
53000,28 Weeks Later (2007)
53121,Shrek the Third (2007)
53125,Pirates of the Caribbean: At World's End (2007)
53322,Ocean's Thirteen (2007)
53464,Fantastic Four: Rise of the Silver Surfer (2007)
53519,Death Proof (2007)
53894,Sicko (2007)
53953,1408 (2007)
53972,Live Free or Die Hard (2007)
53993,Evan Almighty (2007)
53996,Transformers (2007)
54001,Harry Potter and the Order of the Phoenix (2007)
54004,I Now Pronounce You Chuck and Larry (2007)
54190,Across the Universe (2007)
54259,Stardust (2007)
54272,"Simpsons Movie, The (2007)"
54286,"Bourne Ultimatum, The (2007)"
54503,Superbad (2007)
54881,"King of Kong, The (2007)"
54995,Planet Terror (2007)
54997,3:10 to Yuma (2007)
54999,Shoot 'Em Up (2007)
55052,Atonement (2007)
55118,Eastern Promises (2007)
55247,Into the Wild (2007)
55269,"Darjeeling Limited, The (2007)"
55276,Michael Clayton (2007)
55282,30 Days of Night (2007)
55290,Gone Baby Gone (2007)
55442,Persepolis (2007)
55765,American Gangster (2007)
55820,No Country for Old Men (2007)
56145,"Mist, The (2007)"
56152,Enchanted (2007)
56171,"Golden Compass, The (2007)"
56174,I Am Legend (2007)
56367,Juno (2007)
56587,"Bucket List, The (2007)"
56757,Sweeney Todd: The Demon Barber of Fleet Street (2007)
56775,National Treasure: Book of Secrets (2007)
56782,There Will Be Blood (2007)
56941,P.S. I Love You (2007)
56949,27 Dresses (2008)
57368,Cloverfield (2008)
57640,Hellboy II: The Golden Army (2008)
57669,In Bruges (2008)
58025,Jumper (2008)
58047,"Definitely, Maybe (2008)"
58293,"10,000 BC (2008)"
58295,"Bank Job, The (2008)"
58559,"Dark Knight, The (2008)"
58803,21 (2008)
58998,Forgetting Sarah Marshall (2008)
59022,Harold & Kumar Escape from Guantanamo Bay (2008)
59258,Baby Mama (2008)
59315,Iron Man (2008)
59369,Taken (2008)
59387,"Fall, The (2006)"
59501,"Chronicles of Narnia: Prince Caspian, The (2008)"
59615,Indiana Jones and the Kingdom of the Crystal Skull (2008)
59725,Sex and the City (2008)
59784,Kung Fu Panda (2008)
59900,You Don't Mess with the Zohan (2008)
60040,"Incredible Hulk, The (2008)"
60069,WALL·E (2008)
60072,Wanted (2008)
60074,Hancock (2008)
60126,Get Smart (2008)
60397,Mamma Mia! (2008)
60684,Watchmen (2009)
60756,Step Brothers (2008)
60950,Vicky Cristina Barcelona (2008)
61024,Pineapple Express (2008)
61132,Tropic Thunder (2008)
61240,Let the Right One In (Låt den rätte komma in) (2008)
61323,Burn After Reading (2008)
62374,Body of Lies (2008)
62434,Zack and Miri Make a Porno (2008)
62849,RocknRolla (2008)
62999,Madagascar: Escape 2 Africa (2008)
63082,Slumdog Millionaire (2008)
63113,Quantum of Solace (2008)
63131,Role Models (2008)
63859,Bolt (2008)
63876,Milk (2008)
63992,Twilight (2008)
64614,Gran Torino (2008)
64716,Seven Pounds (2008)
64839,"Wrestler, The (2008)"
64957,"Curious Case of Benjamin Button, The (2008)"
64969,Yes Man (2008)
64983,Valkyrie (2008)
65088,Bedtime Stories (2008)
65230,Marley & Me (2008)
65261,Ponyo (Gake no ue no Ponyo) (2008)
66097,Coraline (2009)
66203,He's Just Not That Into You (2009)
66934,Dr. Horrible's Sing-Along Blog (2008)
67087,"I Love You, Man (2009)"
67255,"Girl with the Dragon Tattoo, The (Män som hatar kvinnor) (2009)"
67734,Adventureland (2009)
68157,Inglourious Basterds (2009)
68237,Moon (2009)
68319,X-Men Origins: Wolverine (2009)
68358,Star Trek (2009)
68554,Angels & Demons (2009)
68791,Terminator Salvation (2009)
68954,Up (2009)
69122,"Hangover, The (2009)"
69406,"Proposal, The (2009)"
69481,"Hurt Locker, The (2008)"
69526,Transformers: Revenge of the Fallen (2009)
69644,Ice Age: Dawn of the Dinosaurs (2009)
69757,(500) Days of Summer (2009)
69844,Harry Potter and the Half-Blood Prince (2009)
69951,"Imaginarium of Doctor Parnassus, The (2009)"
70183,"Ugly Truth, The (2009)"
70286,District 9 (2009)
70293,Julie & Julia (2009)
71057,9 (2009)
71264,Cloudy with a Chance of Meatballs (2009)
71464,"Serious Man, A (2009)"
71530,Surrogates (2009)
71535,Zombieland (2009)
71745,Where the Wild Things Are (2009)
72011,Up in the Air (2009)
72226,Fantastic Mr. Fox (2009)
72378,2012 (2009)
72641,"Blind Side, The  (2009)"
72737,"Princess and the Frog, The (2009)"
72998,Avatar (2009)
73017,Sherlock Holmes (2009)
73321,"Book of Eli, The (2010)"
74458,Shutter Island (2010)
74789,Alice in Wonderland (2010)
76077,Hot Tub Time Machine (2010)
76093,How to Train Your Dragon (2010)
76175,Clash of the Titans (2010)
76251,Kick-Ass (2010)
76293,Date Night (2010)
77455,Exit Through the Gift Shop (2010)
77561,Iron Man 2 (2010)
78105,Prince of Persia: The Sands of Time (2010)
78469,"A-Team, The (2010)"
78499,Toy Story 3 (2010)
79091,Despicable Me (2010)
79132,Inception (2010)
79293,Salt (2010)
79592,"Other Guys, The (2010)"
79695,"Expendables, The (2010)"
79702,Scott Pilgrim vs. the World (2010)
80219,Machete (2010)
80463,"Social Network, The (2010)"
80489,"Town, The (2010)"
80549,Easy A (2010)
80906,Inside Job (2010)
81229,Red (2010)
81562,127 Hours (2010)
81564,Megamind (2010)
81591,Black Swan (2010)
81834,Harry Potter and the Deathly Hallows: Part 1 (2010)
81845,"King's Speech, The (2010)"
81847,Tangled (2010)
81932,"Fighter, The (2010)"
82459,True Grit (2010)
82461,Tron: Legacy (2010)
83134,Tucker & Dale vs Evil (2010)
83349,"Green Hornet, The (2011)"
84152,Limitless (2011)
84374,No Strings Attached (2011)
84772,Paul (2011)
84944,Rango (2011)
84954,"Adjustment Bureau, The (2011)"
85414,Source Code (2011)
85510,Sucker Punch (2011)
86190,Hanna (2011)
86332,Thor (2011)
86833,Bridesmaids (2011)
86880,Pirates of the Caribbean: On Stranger Tides (2011)
86882,Midnight in Paris (2011)
86911,"Hangover Part II, The (2011)"
87222,Kung Fu Panda 2 (2011)
87232,X-Men: First Class (2011)
87306,Super 8 (2011)
87520,Transformers: Dark of the Moon (2011)
87869,Horrible Bosses (2011)
88125,Harry Potter and the Deathly Hallows: Part 2 (2011)
88129,Drive (2011)
88140,Captain America: The First Avenger (2011)
88163,"Crazy, Stupid, Love. (2011)"
88405,Friends with Benefits (2011)
88744,Rise of the Planet of the Apes (2011)
88810,"Help, The (2011)"
89470,Contagion (2011)
89492,Moneyball (2011)
89745,"Avengers, The (2012)"
89774,Warrior (2011)
89864,50/50 (2011)
89904,The Artist (2011)
90405,In Time (2011)
90746,"Adventures of Tintin, The (2011)"
90866,Hugo (2011)
91077,"Descendants, The (2011)"
91500,The Hunger Games (2012)
91529,"Dark Knight Rises, The (2012)"
91535,"Bourne Legacy, The (2012)"
91542,Sherlock Holmes: A Game of Shadows (2011)
91630,Mission: Impossible - Ghost Protocol (2011)
91658,"Girl with the Dragon Tattoo, The (2011)"
92259,Intouchables (2011)
93326,This Means War (2012)
93363,John Carter (2012)
93510,21 Jump Street (2012)
93840,"Cabin in the Woods, The (2012)"
94677,"Dictator, The (2012)"
94777,Men in Black III (M.III.B.) (M.I.B.³) (2012)
94864,Prometheus (2012)
94959,Moonrise Kingdom (2012)
95167,Brave (2012)
95441,Ted (2012)
95510,"Amazing Spider-Man, The (2012)"
96079,Skyfall (2012)
96588,Pitch Perfect (2012)
96610,Looper (2012)
96737,Dredd (2012)
96821,"Perks of Being a Wallflower, The (2012)"
97225,Hotel Transylvania (2012)
97304,Argo (2012)
97306,Seven Psychopaths (2012)
97752,Cloud Atlas (2012)
97913,Wreck-It Ralph (2012)
97921,Silver Linings Playbook (2012)
97938,Life of Pi (2012)
98243,Rise of the Guardians (2012)
98809,"Hobbit: An Unexpected Journey, The (2012)"
98961,Zero Dark Thirty (2012)
99007,Warm Bodies (2013)
99112,Jack Reacher (2012)
99114,Django Unchained (2012)
101864,Oblivion (2013)
102123,This Is the End (2013)
102125,Iron Man 3 (2013)
102407,"Great Gatsby, The (2013)"
102445,Star Trek Into Darkness (2013)
102903,Now You See Me (2013)
103042,Man of Steel (2013)
103141,Monsters University (2013)
103228,Pacific Rim (2013)
103249,World War Z (2013)
103253,Elysium (2013)
103335,Despicable Me 2 (2013)
103341,"World's End, The (2013)"
103772,"Wolverine, The (2013)"
104211,We're the Millers (2013)
104241,Kick-Ass 2 (2013)
104374,About Time (2013)
104841,Gravity (2013)
104879,Prisoners (2013)
104913,Rush (2013)
105504,Captain Phillips (2013)
105844,12 Years a Slave (2013)
106002,Ender's Game (2013)
106072,Thor: The Dark World (2013)
106100,Dallas Buyers Club (2013)
106487,The Hunger Games: Catching Fire (2013)
106489,"Hobbit: The Desolation of Smaug, The (2013)"
106696,Frozen (2013)
106782,"Wolf of Wall Street, The (2013)"
106916,American Hustle (2013)
106918,"Secret Life of Walter Mitty, The (2013)"
106920,Her (2013)
107348,Anchorman 2: The Legend Continues (2013)
107406,Snowpiercer (2013)
108190,Divergent (2014)
108932,The Lego Movie (2014)
109374,"Grand Budapest Hotel, The (2014)"
109487,Interstellar (2014)
110102,Captain America: The Winter Soldier (2014)
110553,The Amazing Spider-Man 2 (2014)
111113,Neighbors (2014)
111360,Lucy (2014)
111362,X-Men: Days of Future Past (2014)
111364,Godzilla (2014)
111659,Maleficent (2014)
111743,A Million Ways to Die in the West (2014)
111759,Edge of Tomorrow (2014)
111781,Mission: Impossible - Rogue Nation (2015)
112138,22 Jump Street (2014)
112175,How to Train Your Dragon 2 (2014)
112183,Birdman: Or (The Unexpected Virtue of Ignorance) (2014)
112290,Boyhood (2014)
112552,Whiplash (2014)
112556,Gone Girl (2014)
112623,Dawn of the Planet of the Apes (2014)
112852,Guardians of the Galaxy (2014)
114180,"Maze Runner, The (2014)"
114662,American Sniper (2014)
115149,John Wick (2014)
115210,Fury (2014)
115569,Nightcrawler (2014)
115617,Big Hero 6 (2014)
115713,Ex Machina (2015)
116797,The Imitation Game (2014)
116823,The Hunger Games: Mockingjay - Part 1 (2014)
117176,The Theory of Everything (2014)
117529,Jurassic World (2015)
117590,Horrible Bosses 2 (2014)
118696,The Hobbit: The Battle of the Five Armies (2014)
119141,The Interview (2014)
119145,Kingsman: The Secret Service (2015)
122882,Mad Max: Fury Road (2015)
122886,Star Wars: Episode VII - The Force Awakens (2015)
122892,Avengers: Age of Ultron (2015)
122900,Ant-Man (2015)
122904,Deadpool (2016)
122906,Black Panther (2017)
122912,Avengers: Infinity War - Part I (2018)
122916,Thor: Ragnarok (2017)
122918,Guardians of the Galaxy 2 (2017)
122920,Captain America: Civil War (2016)
122922,Doctor Strange (2016)
122924,X-Men: Apocalypse (2016)
122926,Untitled Spider-Man Reboot (2017)
128360,The Hateful Eight (2015)
134130,The Martian (2015)
134368,Spy (2015)
134853,Inside Out (2015)
135143,Fantastic Beasts and Where to Find Them (2016)
135536,Suicide Squad (2016)
135569,Star Trek Beyond (2016)
135887,Minions (2015)
136020,Spectre (2015)
136864,Batman v Superman: Dawn of Justice (2016)
137857,The Jungle Book (2016)
138036,The Man from U.N.C.L.E. (2015)
139385,The Revenant (2015)
139644,Sicario (2015)
140110,The Intern (2015)
142488,Spotlight (2015)
143355,Wonder Woman (2017)
148626,"Big Short, The (2015)"
152077,10 Cloverfield Lane (2016)
152081,Zootopia (2016)
157296,Finding Dory (2016)
158238,The Nice Guys (2016)
159093,Now You See Me 2 (2016)
164179,Arrival (2016)
166528,Rogue One: A Star Wars Story (2016)
168250,Get Out (2017)
168252,Logan (2017)
174055,Dunkirk (2017)
176371,Blade Runner 2049 (2017)
177765,Coco (2017)
179819,Star Wars: The Last Jedi (2017)
187593,Deadpool 2 (2018)